Time (sec),Calculated Load (g/rev),Dyn Adv Mult (DAM),Dynamic Adv,Feedback Knock,Fine Knock Learn,Ignition Timing,MAF (g/s),MAF Volt (V),RPM (RPM),TD Boost Error (psi),Throttle Pos (%),Wastegate Duty (%),AP Info:[AP3-SUB-001 v1.7.3.1-17014][2005 USDM Impreza WRX][Reflash: Stage2 ACN91 v350 HWG.ptm - Realtime: Stage2 ACN91 v350 HWG.ptm]
0,0.22,16,0,0,0,20,2.67,1.18,718,8.62,0,0,0
0.033,0.22,16,0,0,0,20,2.69,1.18,713,8.59,0,0,0
0.1,0.22,16,0,0,0,20,2.65,1.18,720,8.59,0,0,0
0.154,0.22,16,0,0,0,20,2.59,1.18,714,8.59,0,0,0
0.211,0.22,16,0,0,0,20,2.6,1.18,706,8.57,0,0,0
0.277,0.22,16,0,0,0,20,2.6,1.18,743,8.53,0,0,0
0.331,0.22,16,0,0,0,20,2.69,1.18,684,8.51,0,0,0
0.397,0.23,16,0,0,0,20,2.71,1.18,684,8.47,0,0,0
0.453,0.23,16,0,0,0,20,2.73,1.18,677,8.39,0,0,0
0.512,0.23,16,0,0,0,20,2.71,1.18,673,8.37,0,0,0
0.579,0.23,16,0,0,0,20,2.81,1.2,658,8.28,0,0,0
0.636,0.24,16,0,0,0,20,2.85,1.2,668,8.24,0,0,0
0.692,0.24,16,0,0,0,20,2.79,1.2,664,8.1,0,0,0
0.748,0.24,16,0,0,0,20,2.85,1.2,658,8.1,0,0,0
0.815,0.25,16,0,0,0,20,2.9,1.2,674,8.06,0,0,0
0.861,0.25,16,0,0,0,20,2.98,1.22,692,7.97,0,0,0
0.92,0.25,16,0,0,0,18,2.98,1.22,694,7.91,0,0,0
0.994,0.25,16,0,0,0,17.5,3.04,1.22,694,7.85,0,0,0
1.039,0.25,16,0,0,0,16.5,3,1.22,698,7.85,0,0,0
1.102,0.25,16,0,0,0,15.5,2.83,1.2,706,7.83,0,0,0
1.166,0.25,16,0,0,0,14,2.83,1.2,718,7.85,0,0,0
1.221,0.25,16,0,0,0,14,2.83,1.2,716,7.87,0,0,0
1.297,0.25,16,0,0,0,15.5,2.87,1.22,705,7.87,0,0,0
1.337,0.25,16,0,0,0,14,3.07,1.24,716,7.93,0,0,0
1.401,0.25,16,0,0,0,13,3.11,1.22,721,7.93,0,0,0
1.456,0.25,16,0,0,0,13,3.03,1.24,727,7.91,0,0,0
1.522,0.25,16,0,0,0,12.5,3.03,1.22,726,7.95,0,0,0
1.576,0.25,16,0,0,0,12.5,3.03,1.22,720,7.95,0,0,0
1.638,0.25,16,0,0,0,13,2.96,1.2,720,7.97,0,0,0
1.696,0.25,16,0,0,0,13,2.89,1.22,722,7.99,0,0,0
1.751,0.25,16,0,0,0,12,2.92,1.2,727,7.99,0,0,0
1.824,0.25,16,0,0,0,13,2.96,1.22,716,7.99,0,0,0
1.878,0.25,16,0,0,0,13,2.98,1.22,717,7.97,0,0,0
1.936,0.25,16,0,0,0,14.5,3.03,1.22,702,7.97,0,0,0
1.989,0.25,16,0,0,0,14,3.04,1.22,703,7.97,0,0,0
2.057,0.25,16,0,0,0,13,3.07,1.22,711,7.95,0,0,0
2.11,0.25,16,0,0,0,13,3.11,1.24,710,7.93,0,0,0
2.176,0.26,16,0,0,0,13,3.11,1.24,768,7.89,0,0,0
2.234,0.26,16,0,0,0,14,3.18,1.24,704,7.87,0,0,0
2.291,0.26,16,0,0,0,14,3.13,1.24,700,7.83,0,0,0
2.349,0.26,16,0,0,0,13,3.11,1.22,708,7.83,0,0,0
2.404,0.26,16,0,0,0,11.5,3.14,1.24,725,7.79,0,0,0
2.463,0.26,16,0,0,0,11.5,3.09,1.22,730,7.81,0,0,0
2.53,0.26,16,0,0,0,11.5,3.03,1.2,720,7.83,0,0,0
2.586,0.26,16,0,0,0,12,2.94,1.22,716,7.81,0,0,0
2.641,0.26,16,0,0,0,11.5,3.11,1.24,724,7.81,0,0,0
2.716,0.26,16,0,0,0,11.5,3.15,1.24,728,7.85,0,0,0
2.778,0.26,16,0,0,0,11,3.13,1.24,718,7.85,0,0,0
2.821,0.26,16,0,0,0,12,3.13,1.24,720,7.83,0,0,0
2.884,0.26,16,0,0,0,11.5,3.18,1.22,720,7.85,0,0,0
2.938,0.26,16,0,0,0,11.5,3.09,1.24,725,7.85,0,0,0
3.007,0.26,16,0,0,0,10.5,3.16,1.22,736,7.87,0,0,0
3.059,0.25,16,0,0,0,9.5,3.03,1.24,744,7.89,0,0,0
3.116,0.25,16,0,0,0,10,3.14,1.22,738,7.91,0.4,0,0
3.19,0.26,16,0,0,0,10,3.27,1.4,742,7.97,9.8,0,0
3.234,0.35,16,0,0,0,13.5,10.78,1.98,731,7.97,11,0,0
3.301,0.47,16,0,0,0,16.5,15.96,2.02,758,5.38,14.1,0,0
3.359,0.65,16,0,0,0,16.5,17.9,2.06,890,3.67,16.9,1.96,0
3.416,0.75,16,0,0,0,15.5,17.9,2.06,850,2.3,18,3.14,0
3.471,0.77,16,-2.5,-2.11,0,3,17.2,2.04,1170,1.66,21.2,3.14,0
3.534,0.78,16,-2.5,-2.11,0,5,17.93,2.1,1397,2.38,22.4,5.1,0
3.592,0.77,16,-2.5,-2.11,0,7,20.15,2.12,1549,2.55,0,7.45,0
3.65,0.6,16,0,0,0,10,12.81,1.58,1811,2.48,0,0,0
3.712,0.44,16,0,0,0,31.5,6.92,1.52,2014,5.03,0,0,0
3.77,0.32,16,0,0,0,29,5.85,1.44,2198,6.71,0,0,0
3.827,0.24,16,0,0,0,20.5,5.62,1.44,2258,7.89,0,0,0
3.895,0.2,16,0,0,0,17.5,5.59,1.44,2266,7.89,0,0,0
3.952,0.17,16,0,0,0,17.5,5.17,1.42,2197,8.57,0,0,0
4.009,0.16,16,0,0,0,15.5,5.17,1.42,2210,9.22,0.4,0,0
4.071,0.16,16,0,0,0,14,5.17,1.42,2146,9.49,0.8,0,0
4.129,0.16,16,0,0,0,13,5.3,1.44,2082,9.65,0.8,0,0
4.187,0.16,16,0,0,0,11.5,5.46,1.44,1975,9.71,0,0,0
4.252,0.15,16,0,0,0,11.5,4.76,1.38,1898,9.75,0,0,0
4.309,0.15,16,0,0,0,11.5,4.58,1.38,1820,9.82,0,0,0
4.366,0.15,16,0,0,0,11.5,4.55,1.36,1740,9.92,0,0,0
4.422,0.15,16,0,0,0,11.5,3.91,1.32,1691,9.98,0,0,0
4.489,0.15,16,0,0,0,11.5,3.99,1.32,1602,10.02,0,0,0
4.545,0.15,16,0,0,0,11.5,4.04,1.32,1520,10.02,0,0,0
4.6,0.16,16,0,0,0,11.5,4.07,1.32,1454,9.98,0,0,0
4.667,0.16,16,0,0,0,11.5,4.07,1.32,1424,9.88,0,0,0
4.719,0.17,16,0,0,0,11.5,4.23,1.34,1345,9.77,0,0,0
4.797,0.18,16,0,0,0,20,4.1,1.32,1281,9.65,0,0,0
4.839,0.18,16,0,0,0,20,4.07,1.32,1201,9.49,0,0,0
4.896,0.18,16,0,0,0,20,3.78,1.28,1237,9.4,0,0,0
4.961,0.18,16,0,0,0,20,3.53,1.24,1214,9.48,0,0,0
5.018,0.18,16,0,0,0,20,3.36,1.26,1172,9.57,0,0,0
5.075,0.18,16,0,0,0,20,3.39,1.26,1144,9.57,0,0,0
5.138,0.18,16,0,0,0,20,3.44,1.26,1101,9.57,0,0,0
5.208,0.18,16,0,0,0,20,3.39,1.26,1062,9.55,0,0,0
5.261,0.19,16,0,0,0,20,3.44,1.26,1028,9.55,0,0,0
5.315,0.19,16,0,0,0,20,3.44,1.26,1062,9.49,0,0,0
5.371,0.2,16,0,0,0,20,3.41,1.26,998,9.46,0,0,0
5.438,0.21,16,0,0,0,20,3.61,1.3,944,9.3,0,0,0
5.496,0.22,16,0,0,0,20,3.73,1.32,914,9.13,0,0,0
5.553,0.23,16,0,0,0,20,3.78,1.3,882,8.91,0,0,0
5.611,0.24,16,0,0,0,20,3.86,1.32,868,8.76,0,0,0
5.669,0.24,16,0,0,0,20,3.86,1.3,857,8.6,0,0,0
5.731,0.24,16,0,0,0,20,3.63,1.28,860,8.53,0,0,0
5.789,0.24,16,0,0,0,20,3.36,1.24,861,8.53,0,0,0
5.853,0.24,16,0,0,0,20,3.31,1.24,864,8.45,0,0,0
5.91,0.24,16,0,0,0,20,3.31,1.24,867,8.45,0,0,0
5.964,0.24,16,0,0,0,20,3.39,1.26,862,8.47,0,0,0
6.023,0.23,16,0,0,0,20,3.34,1.24,862,8.51,0,0,0
6.09,0.23,16,0,0,0,20,3.22,1.24,862,8.51,0,0,0
6.143,0.23,16,0,0,0,19.5,3.27,1.24,861,8.59,0,0,0
6.21,0.23,16,0,0,0,20,3,1.24,847,8.59,0,0,0
6.262,0.23,16,0,0,0,20,3.25,1.26,840,8.6,0,0,0
6.321,0.23,16,0,0,0,20,3.39,1.24,832,8.53,0,0,0
6.388,0.23,16,0,0,0,20,3.22,1.24,828,8.53,0,0,0
6.441,0.23,16,0,0,0,20,3.25,1.24,828,8.55,0,0,0
6.506,0.23,16,0,0,0,20,3.13,1.24,818,8.55,0,0,0
6.56,0.23,16,0,0,0,20,3.13,1.24,817,8.55,0,0,0
6.618,0.23,16,0,0,0,20,3.18,1.24,817,8.51,0,0,0
6.683,0.23,16,0,0,0,20,3.13,1.22,818,8.51,0,0,0
6.738,0.23,16,0,0,0,20,3.15,1.22,809,8.51,0,0,0
6.803,0.23,16,0,0,0,20,3.09,1.24,809,8.49,0,0,0
6.857,0.23,16,0,0,0,20,3.11,1.24,806,8.53,0,0,0
6.92,0.23,16,0,0,0,20,3.13,1.22,796,8.53,0,0,0
6.972,0.23,16,0,0,0,19.5,3.09,1.22,796,8.53,0,0,0
7.041,0.23,16,0,0,0,19,3.07,1.22,801,8.53,0,0,0
7.093,0.23,16,0,0,0,19,2.96,1.22,797,8.55,0,0,0
7.158,0.23,16,0,0,0,19,2.96,1.22,792,8.55,0,0,0
7.215,0.24,16,0,0,0,19,3.41,1.28,782,8.49,0,0,0
7.27,0.25,16,0,0,0,19.5,3.61,1.28,782,8.39,0,0,0
7.344,0.25,16,0,0,0,19,3.76,1.28,788,8.26,0,0,0
7.39,0.26,16,0,0,0,17.5,3.68,1.3,794,8.12,0,0,0
7.447,0.26,16,0,0,0,15.5,3.63,1.28,814,8.06,0,0,0
7.507,0.26,16,0,0,0,14,3.68,1.28,827,8.02,0,0,0
7.572,0.26,16,0,0,0,13,3.73,1.28,829,7.91,0,0,0
7.628,0.26,16,0,0,0,12,3.71,1.3,840,7.91,0,0,0
7.692,0.27,16,0,0,0,11,3.81,1.3,850,7.83,2.4,0,0
7.749,0.28,16,0,0,0,11,5.26,1.58,851,7.83,5.9,0,0
7.813,0.32,16,0,0,0,4.5,5.26,1.58,854,7.37,11,0,0
7.871,0.47,16,0,0,0,4.5,11.27,1.92,854,5.47,18.4,0,0
7.928,0.71,16,0,0,0,4.5,22.96,2.26,921,2.84,19.2,3.14,0
7.986,0.78,16,0,0,0,4.5,20.01,2.06,1073,1.95,0,4.31,0
8.043,0.65,16,0,0,0,9.5,7.67,1.48,1307,2.61,0,0,0
8.106,0.5,16,0,0,0,24.5,4.89,1.36,1535,4.83,0,0,0
8.161,0.36,16,0,0,0,27,4.15,1.32,1729,6.44,4.7,0,0
8.228,0.32,16,0,0,0,-2.5,7.83,1.68,1784,6.81,10.6,0,0
8.287,0.41,16,0,0,0,9.5,17.45,2.22,1830,6.81,14.5,3.14,0
8.341,0.57,16,0,0,0,9.5,26.39,2.28,1999,6.32,8.6,6.27,0
8.403,0.54,16,0,0,0,17.5,9.14,1.7,2128,4.35,0,0,0
8.46,0.41,16,0,0,0,33.5,9.14,1.7,2122,5.14,0,0,0
8.518,0.29,16,0,0,0,33.5,7.22,1.54,2250,6.96,0,0,0
8.582,0.23,16,0,0,0,24,5.69,1.46,2344,8.14,5.5,0,0
8.64,0.26,16,0,0,0,17.5,8.13,1.72,2309,8.31,16.5,0,0
8.702,0.45,16,0,0,0,20,26.2,2.38,2350,8.49,29.4,3.14,0
8.76,0.77,16,0,0,0,20,45.9,2.66,2348,12.24,17.3,6.27,0
8.818,0.72,16,0,0,0,20,18.33,1.82,2303,11.52,0,0,0
8.876,0.49,16,0,0,0,33,9.18,1.64,2512,4.56,0,0,0
8.941,0.33,16,0,0,0,31,6.84,1.52,2642,4.56,0,0,0
8.998,0.24,16,0,0,0,31,6.01,1.46,2649,5.67,0,0,0
9.056,0.18,16,0,0,0,23.5,6.01,1.46,2664,6.85,0,0,0
9.113,0.16,16,0,0,0,20,5.43,1.44,2585,7.85,0,0,0
9.171,0.15,16,0,0,0,17.5,5.75,1.46,2521,8.3,2.4,0,0
9.237,0.16,16,0,0,0,17,6.19,1.52,2465,8.57,2.7,0,0
9.289,0.18,16,0,0,0,20,7.78,1.6,2390,9.11,3.5,0,0
9.364,0.19,16,0,0,0,20,8.28,1.62,2294,9.17,3.5,0,0
9.409,0.21,16,0,0,0,20,8.41,1.64,2213,9.03,3.9,0,0
9.477,0.23,16,0,0,0,20.5,8.89,1.66,2128,8.86,3.9,0,0
9.531,0.24,16,0,0,0,22,8.82,1.64,2019,8.74,3.9,0,0
9.59,0.25,16,0,0,0,23.5,8.91,1.66,1965,8.74,3.9,0,0
9.661,0.26,16,0,0,0,23.5,8.88,1.64,1946,8.59,3.9,0,0
9.713,0.26,16,0,0,0,23.5,8.88,1.64,1960,8.51,3.9,0,0
9.771,0.26,16,0,0,0,24,8.8,1.64,1960,8.39,3.9,0,0
9.827,0.26,16,0,0,0,24.5,8.77,1.64,1990,8.33,4.3,0,0
9.89,0.27,16,0,0,0,25,9.12,1.68,1998,8.28,5.1,0,0
9.946,0.28,16,0,0,0,25.5,9.93,1.7,1994,8.14,5.5,0,0
10.004,0.29,16,0,0,0,27,10.65,1.76,1998,7.81,6.7,0,0
10.071,0.32,16,0,0,0,30,12.19,1.84,2018,7.48,7.1,0,0
10.128,0.35,16,0,0,0,33,13.3,1.88,2072,6.94,7.1,0,0
10.181,0.37,16,0,0,0,35,13.61,1.86,2091,6.94,7.5,0,0
10.245,0.38,16,0,0,0,35,13.62,1.88,2014,6.65,7.5,0,0
10.302,0.39,16,0,0,0,36.5,13.65,1.86,1973,6.44,7.5,0,0
10.377,0.4,16,0,0,0,37.5,13.65,1.86,1970,6.25,7.5,0,0
10.42,0.4,16,0,0,0,38.5,13.83,1.88,2034,6.13,7.5,0,0
10.487,0.39,16,0,0,0,38,13.09,1.86,2101,6.01,7.5,0,0
10.54,0.39,16,0,0,0,38,13.73,1.88,2122,5.96,7.5,0,0
10.597,0.4,16,0,0,0,38,14.41,1.9,2102,6.01,7.5,0,0
10.663,0.41,16,0,0,0,39,14.61,1.92,2093,5.9,7.8,0,0
10.726,0.42,16,0,0,0,38.5,15.05,1.96,2114,5.8,9,0,0
10.782,0.44,16,0,0,0,38.5,16.76,2,2159,5.49,10.6,0,0
10.839,0.47,16,0,0,0,38,19.64,2.1,2230,5.49,11,0,0
10.894,0.51,16,0,0,0,38,20.78,2.12,2226,4.85,11,0,0
10.96,0.54,16,0,0,0,35.5,20.78,2.12,2176,4.29,11.4,0,0
11.017,0.56,16,0,0,0,35,21.75,2.16,2303,3.98,11.8,0,0
11.076,0.57,16,0,0,0,35,21.49,2.14,2239,3.69,11.8,0,0
11.132,0.57,16,0,0,0,35,22.34,2.16,2308,3.54,11.8,0,0
11.199,0.58,16,0,0,0,35.5,22.86,2.18,2338,3.44,12.2,0,0
11.254,0.58,16,0,0,0,35.5,23.32,2.2,2390,3.25,12.2,0,0
11.317,0.58,16,0,0,0,35.5,23.23,2.18,2393,3.21,12.2,0,0
11.37,0.58,16,0,0,0,35.5,23.9,2.2,2435,2.63,12.2,0,0
11.444,0.59,16,0,0,0,35.5,24.37,2.24,2474,2.63,12.2,0,0
11.498,0.59,16,0,0,0,35,25.25,2.24,2497,2.46,12.2,0,0
11.555,0.59,16,0,0,0,35,24.87,2.24,2546,2.4,12.2,0,0
11.608,0.59,16,0,0,0,35,24.87,2.24,2526,2.38,12.2,0,0
11.682,0.59,16,0,0,0,35,25.36,2.24,2608,2.26,12.2,0,0
11.735,0.58,16,0,0,0,35,25.15,2.24,2608,2.24,12.2,0,0
11.793,0.58,16,0,0,0,34.5,24.98,2.24,2642,2.13,12.2,0,0
11.85,0.58,16,0,0,0,34.5,25.74,2.24,2686,2.11,12.2,0,0
11.913,0.57,16,0,0,0,34.5,26.04,2.26,2723,2.01,12.2,0,0
11.97,0.56,16,0,0,0,34.5,25.45,2.24,2739,1.88,12.2,0,0
12.027,0.56,16,0,0,0,34.5,25.85,2.26,2791,1.82,12.2,0,0
12.092,0.56,16,0,0,0,34,26.76,2.28,2826,1.76,12.2,0,0
12.149,0.56,16,0,0,0,34,26.25,2.26,2864,1.76,12.2,0,0
12.204,0.55,16,0,0,0,34.5,26.25,2.26,2894,1.8,12.2,0,0
12.261,0.55,16,0,0,0,34.5,26.25,2.26,2917,1.84,12.2,0,0
12.329,0.55,16,0,0,0,35,26.36,2.28,2917,1.86,12.2,0,0
12.387,0.54,16,0,0,0,35,26.16,2.28,2925,1.91,12.2,0,0
12.441,0.54,16,0,0,0,35,26.47,2.28,2952,1.91,12.2,0,0
12.498,0.53,16,0,0,0,35.5,26.26,2.28,3018,1.91,12.2,0,0
12.562,0.53,16,0,0,0,35.5,26.68,2.26,3052,1.93,12.2,0,0
12.62,0.52,16,0,0,0,35.5,26.89,2.28,3052,1.93,12.2,0,0
12.684,0.52,16,0,0,0,36,26.27,2.28,3093,1.95,12.2,0,0
12.741,0.52,16,0,0,0,36,26.99,2.28,3103,1.95,12.2,0,0
12.796,0.52,16,0,0,0,36,26.88,2.28,3158,1.97,12.2,0,0
12.862,0.51,16,0,0,0,36,26.68,2.28,3180,1.97,12.2,0,0
12.914,0.51,16,0,0,0,36.5,26.68,2.28,3184,1.99,12.2,0,0
12.982,0.5,16,0,0,0,36.5,26.69,2.28,3184,1.99,12.2,0,0
13.034,0.5,16,0,0,0,36.5,27.31,2.28,3232,2.01,12.2,0,0
13.097,0.5,16,0,0,0,36.5,26.79,2.28,3231,2.01,12.2,0,0
13.16,0.5,16,0,0,0,39,26.69,2.28,3262,2.05,12.2,0,0
13.217,0.49,16,0,0,0,39,27.31,2.28,3311,2.09,12.2,0,0
13.276,0.48,16,0,0,0,39,25.87,2.26,3316,2.13,12.2,0,0
13.332,0.49,16,0,0,0,39,27.31,2.3,3358,2.15,12.2,0,0
13.398,0.49,16,0,0,0,39,27.63,2.3,3394,2.15,12.2,0,0
13.451,0.48,16,0,0,0,39,26.89,2.28,3402,2.19,12.2,0,0
13.509,0.48,16,0,0,0,39,26.89,2.28,3426,2.24,12.2,0,0
13.576,0.47,16,0,0,0,39,27.22,2.28,3394,2.32,12.2,0,0
13.63,0.47,16,0,0,0,39,26.9,2.28,3458,2.38,12.2,0,0
13.693,0.47,16,0,0,0,39,26.91,2.28,3474,2.46,12.2,0,0
13.75,0.47,16,0,0,0,39,26.71,2.28,3472,2.49,12.2,0,0
13.807,0.46,16,0,0,0,39,27.02,2.28,3503,2.53,11.8,0,0
13.872,0.46,16,0,0,0,39,26.81,2.26,3531,2.57,11.8,0,0
13.928,0.45,16,0,0,0,39,26.5,2.28,3578,2.67,11.8,0,0
13.991,0.45,16,0,0,0,39,27.13,2.28,3594,2.67,11.8,0,0
14.046,0.45,16,0,0,0,39,26.72,2.28,3597,2.71,11.8,0,0
14.107,0.45,16,0,0,0,39,26.72,2.28,3609,2.8,11.8,0,0
14.165,0.44,16,0,0,0,39,26.1,2.26,3635,2.84,11.8,0,0
14.223,0.44,16,0,0,0,39,26.61,2.28,3635,2.92,11.8,0,0
14.286,0.43,16,0,0,0,39.5,26.31,2.26,3658,3,11.4,0,0
14.342,0.43,16,0,0,0,39.5,26.21,2.26,3682,3.04,11.4,0,0
14.4,0.42,16,0,0,0,40,25.81,2.26,3707,3.13,11,0,0
14.468,0.42,16,0,0,0,40,25.62,2.26,3718,3.21,11,0,0
14.526,0.41,16,0,0,0,40,24.96,2.24,3728,3.29,11,0,0
14.581,0.41,16,0,0,0,40,25.35,2.24,3748,3.36,11,0,0
14.64,0.41,16,0,0,0,40,25.82,2.24,3744,3.36,11,0,0
14.705,0.41,16,0,0,0,40,25.25,2.24,3763,3.42,11,0,0
14.763,0.4,16,0,0,0,40,25.25,2.24,3741,3.52,11,0,0
14.82,0.4,16,0,0,0,40.5,25.06,2.24,3805,3.56,11,0,0
14.883,0.4,16,0,0,0,40.5,25.25,2.24,3813,3.58,11,0,0
14.94,0.4,16,0,0,0,40.5,25.92,2.26,3797,3.64,11,0,0
14.998,0.4,16,0,0,0,40.5,25.54,2.24,3820,3.62,11,0,0
15.056,0.4,16,0,0,0,40.5,25.74,2.24,3870,3.64,11,0,0
15.129,0.4,16,0,0,0,41,25.45,2.24,3878,3.64,11,0,0
15.181,0.4,16,0,0,0,41,25.83,2.26,3846,3.64,11,0,0
15.234,0.4,16,0,0,0,41,26.03,2.26,3856,3.6,11,0,0
15.301,0.4,16,0,0,0,40.5,26.03,2.26,3844,3.62,11,0,0
15.357,0.4,16,0,0,0,41,26.34,2.26,3939,3.62,11,0,0
15.411,0.4,16,0,0,0,41,26.12,2.26,3939,3.62,11,0,0
15.474,0.41,16,0,0,0,41,26.43,2.28,3933,3.58,11,0,0
15.537,0.41,16,0,0,0,41,26.95,2.28,3966,3.5,11,0,0
15.595,0.41,16,0,0,0,41,27.36,2.28,3943,3.54,11.4,0,0
15.65,0.41,16,0,0,0,41,27.58,2.3,3987,3.52,11,0,0
15.727,0.41,16,0,0,0,41.5,27.37,2.28,3976,3.52,11.4,0,0
15.767,0.41,16,0,0,0,41.5,27.37,2.28,4032,3.48,11,0,0
15.831,0.41,16,0,0,0,41.5,27.37,2.28,4094,3.5,11.4,0,0
15.885,0.41,16,0,0,0,41.5,27.78,2.3,4030,3.44,11.4,0,0
15.953,0.41,16,0,0,0,41.5,27.88,2.3,4071,3.48,11.4,0,0
16.01,0.41,16,0,0,0,41.5,27.78,2.3,4074,3.46,11.4,0,0
16.073,0.41,16,0,0,0,41.5,27.99,2.3,4047,3.46,11.4,0,0
16.128,0.41,16,0,0,0,41.5,27.88,2.3,4085,3.42,11.4,0,0
16.185,0.42,16,0,0,0,41.5,28.6,2.32,4080,3.44,11.4,0,0
16.256,0.42,16,0,0,0,41.5,28.51,2.3,4120,3.44,11.4,0,0
16.308,0.42,16,0,0,0,41.5,29.03,2.32,4132,3.4,11.8,0,0
16.376,0.41,16,0,0,0,41.5,29.03,2.32,4152,3.4,11.8,0,0
16.429,0.42,16,0,0,0,41.5,28.71,2.32,4152,3.4,11.8,0,0
16.481,0.42,16,0,0,0,41.5,28.91,2.3,4132,3.33,11.8,0,0
16.556,0.42,16,0,0,0,41.5,29.45,2.34,4190,3.29,12.2,0,0
16.599,0.43,16,0,0,0,41.5,30.54,2.36,4237,3.21,12.5,0,0
16.661,0.44,16,0,0,0,41.5,31.52,2.38,4256,3.31,12.5,0.39,0
16.718,0.45,16,0,0,0,41,32.51,2.42,4256,3.31,12.9,0.78,0
16.783,0.46,16,0,0,0,41,32.51,2.42,4259,3.5,13.7,1.96,0
16.84,0.5,16,0,0,0,41,33.44,2.42,4259,3.69,20.8,1.96,0
16.898,0.68,16,0,0,0,38.5,49.98,2.74,4300,8.93,33.7,5.1,0
16.965,0.92,16,0,0,0,32.5,74.59,3.1,4409,13.65,52.9,8.24,0
17.021,1.09,16,6,0,0,28.5,86.71,3.24,4483,12.7,61.6,11.37,0
17.083,1.23,16,8,0,0,26.5,100.01,3.4,4568,11.89,65.9,14.51,0
17.14,1.38,16,8,0,0,26.5,114.69,3.52,4578,11.89,71,17.65,0
17.196,1.52,16,8,0,0,23.5,114.69,3.52,4591,10.27,74.9,20.78,0
17.254,1.61,16,8,0,0,18.5,125.92,3.64,4655,9.22,80.4,20.78,0
17.33,1.66,16,8,0,0,18.5,132.61,3.68,4744,8.39,86.7,23.92,0
17.386,1.68,16,8,0,0,18,138.71,3.74,4931,8.53,89.4,27.06,0
17.439,1.71,16,8,0,0,17.5,147.09,3.82,5078,8.53,91,30.2,0
17.498,1.74,16,8,0,0,17.5,147.09,3.82,5078,8.59,100,30.2,0
17.556,1.75,16,8,0,0,17.5,149.51,3.82,5172,8.47,100,33.33,0
17.612,1.75,16,8,0,0,17.5,154.04,3.86,5300,8.37,100,36.47,0
17.671,1.73,16,8,0,0,17.5,154.04,3.86,5250,8.37,100,39.61,0
17.746,1.71,16,8,0,0,17.5,155.96,3.9,5506,8.26,100,39.61,0
17.808,1.73,16,8,0,0,17.5,162.96,3.94,5660,8.16,100,42.75,0
17.85,1.74,16,8,0,0,17.5,162.96,3.94,5660,8.16,100,42.75,0
17.918,1.75,16,8,0,0,17.5,169.4,3.96,5809,7.72,100,45.88,0
17.976,1.74,16,8,0,0,17.5,169.4,3.96,5794,7.72,100,48.63,0
18.03,1.75,16,8,0,0,18,174.17,4,5986,7.33,100,48.63,0
18.093,1.75,16,8,0,0,18,180,4.06,6172,7.33,100,51.76,0
18.149,1.74,16,8,0,0,18.5,180,4.06,6172,6.94,56.5,51.76,0
18.217,0.58,16,8,0,0,18.5,44.73,2.48,6043,6.94,0,0,0
18.271,0.2,16,0,0,0,38,44.73,2.48,6043,-5.3,0,0,0
18.329,0.16,16,0,0,0,11.5,15.18,1.98,5734,-8.62,0,0,0
18.391,0.18,16,0,0,0,11.5,15.18,1.98,5734,1.28,0,0,0
18.448,0.19,16,0,0,0,11.5,17.68,2.04,5580,3.25,0,0,0
18.521,0.22,16,0,0,0,11.5,20.7,2.12,5438,3.25,0,0,0
18.573,0.23,16,0,0,0,11.5,20.7,2.12,5438,3.79,0,0,0
18.63,0.23,16,0,0,0,11.5,20.78,2.14,5208,4.29,0,0,0
18.692,0.24,16,0,0,0,11.5,20.52,2.14,5102,4.29,0,0,0
18.747,0.24,16,0,0,0,11.5,20.52,2.14,5110,4.68,0,0,0
18.813,0.24,16,0,0,0,11.5,19.67,2.1,4918,5.1,0,0,0
18.871,0.25,16,0,0,0,11.5,20.01,2.1,4783,5.39,0,0,0
18.928,0.26,16,0,0,0,11.5,20.27,2.12,4693,5.38,4.7,0,0
18.986,0.32,16,0,0,0,17,26,2.32,4618,4.81,17.6,0,0
19.044,0.63,16,0,0,0,23.5,70.86,3.08,4570,4.35,38.4,3.14,0
19.103,0.92,16,0,0,0,23.5,87.15,3.26,4646,14.25,54.9,6.27,0
19.16,1.12,16,7,0,0,24.5,87.15,3.26,4623,13.54,67.1,9.41,0
19.237,1.31,16,8,0,0,27,100.74,3.4,4559,12.65,91.4,9.41,0
19.28,1.45,16,8,0,0,23,106.31,3.46,4276,13.48,100,12.55,0
19.354,1.6,16,8,0,0,18,111.3,3.46,4054,11.41,100,15.69,0
19.4,1.66,16,8,0,0,16,107.28,3.44,3809,10.09,100,18.82,0
19.466,1.66,16,8,0,0,15,100.01,3.38,3637,14.25,100,21.96,0
19.521,1.6,16,8,0,0,16.5,99.29,3.36,3848,9.22,100,25.1,0
19.58,1.59,16,8,0,0,17,103.64,3.44,3916,9.22,100,28.24,0
19.644,1.62,16,8,0,0,17,104.62,3.4,3822,9.26,100,31.37,0
19.701,1.63,16,8,0,0,16,104.62,3.4,3796,9.01,100,34.51,0
19.758,1.61,16,8,0,0,16.5,104.62,3.4,3924,8.89,100,34.51,0
19.815,1.63,16,8,0,0,16.5,108.28,3.46,4015,8.93,100,37.65,0
19.882,1.66,16,8,0,0,16.5,111.04,3.48,3983,8.7,100,40.78,0
19.937,1.66,16,8,0,0,16.5,111.3,3.48,4017,8.47,100,43.92,0
20.002,1.66,16,8,0,0,16.5,115.47,3.52,4152,8.33,100,47.06,0
20.056,1.69,16,8,0,0,16.5,117.3,3.52,4105,8.1,100,50.2,0
20.114,1.71,16,8,0,0,16,119.12,3.54,4160,7.83,100,53.33,0
20.177,1.72,16,8,0,0,16,122.1,3.56,4235,7.83,100,56.47,0
20.24,1.75,16,8,0,0,16,126.19,3.62,4254,7.58,100,59.61,0
20.294,1.79,16,8,0,0,15.5,126.19,3.62,4280,7.35,100,62.75,0
20.352,1.8,16,8,0,0,15,129.82,3.62,4280,7.02,100,62.75,0
20.41,1.81,16,8,0,0,15.5,132.61,3.7,4363,6.77,100,65.88,0
20.479,1.85,16,8,0,0,15,139.01,3.74,4414,6.52,100,69.02,0
20.537,1.9,16,8,0,0,14.5,142.9,3.78,4409,6.11,100,72.16,0
20.592,1.92,16,8,0,0,14,143.2,3.78,4478,6.11,100,75.29,0
20.664,1.94,16,8,0,0,14,151.12,3.84,4576,5.69,100,78.43,0
20.713,1.97,16,8,0,0,14,151.12,3.84,4568,5.43,100,81.57,0
20.769,2,16,8,0,0,13.5,155.26,3.86,4568,5.01,100,81.57,0
20.827,2.01,16,8,0,0,13,155.26,3.86,4618,4.7,100,84.31,0
20.894,2.02,16,8,0,0,13,158.48,3.9,4732,4.43,100,84.31,0
20.952,2.02,16,8,0,0,13.5,159.44,3.9,4717,4.23,100,84.31,0
21.005,2.02,16,8,0,0,13.5,159.12,3.92,4780,4.02,100,84.31,0
21.073,2.03,16,8,0,0,13.5,165.59,3.96,4842,4.02,100,84.31,0
21.129,2.03,16,8,0,0,14,165.59,3.96,4838,4,100,84.31,0
21.186,2.03,16,8,0,0,14,164.25,3.94,4902,4.04,100,84.31,0
21.252,2.04,16,8,0,0,14,169.02,3.96,4892,3.91,100,84.31,0
21.308,2.04,16,8,0,0,14,170.76,3.98,5010,3.93,100,84.31,0
21.363,2.06,16,8,0,0,14,173.49,4.02,5064,3.91,100,84.31,0
21.421,2.06,16,8,0,0,14,176.22,4.02,5095,3.91,100,84.31,0
21.49,2.07,16,8,0,0,14,176.22,4.02,5095,3.85,100,84.31,0
21.542,2.06,16,8,0,0,14,177.24,4.02,5116,3.91,100,84.31,0
21.616,2.05,16,8,0,0,14.5,177.24,4.04,5176,4.04,100,84.31,0
21.66,2.06,16,8,0,0,14.5,179.66,4.06,5204,4.14,100,84.31,0
21.727,2.05,16,8,0,0,14.5,179.66,4.06,5210,4.14,100,84.31,0
21.782,2.02,16,8,0,0,14.5,178.29,4.06,5274,4.22,100,84.31,0
21.839,2.02,16,8,0,0,15,179.64,4.06,5380,4.41,100,84.31,0
21.907,2.02,16,8,0,0,15,181.1,4.06,5368,4.41,100,84.31,0
21.96,2.01,16,8,0,0,15,181.1,4.06,5368,4.41,100,84.31,0
22.024,2,16,8,0,0,15.5,179.66,4.08,5446,4.51,100,84.31,0
22.079,2.02,16,8,0,0,15.5,185.45,4.1,5543,4.51,100,84.31,0
22.142,2.01,16,8,0,0,15,185.45,4.1,5543,4.47,100,84.31,0
22.198,2,16,8,0,0,15.5,187.64,4.1,5610,4.58,100,84.31,0
22.256,2.01,16,8,0,0,15.5,187.64,4.1,5601,4.58,100,84.31,0
22.32,2.01,16,8,0,0,15.5,188.37,4.1,5601,4.43,100,84.31,0
22.378,1.99,16,8,0,0,15.5,188.01,4.1,5694,4.31,100,84.31,0
22.443,2,16,8,0,0,15.5,188.01,4.1,5694,4.31,100,84.31,0
22.5,1.99,16,8,0,0,15.5,189.47,4.12,5764,4.43,100,84.31,0
22.558,1.98,16,8,0,0,15.5,189.47,4.12,5796,4.43,100,84.31,0
22.613,1.99,16,8,0,0,16,192.02,4.14,5796,4.18,100,84.31,0
22.681,1.99,16,8,0,0,16,192.75,4.14,5873,4.23,100,84.31,0
22.736,1.98,16,8,0,0,16,192.75,4.14,5873,4.23,100,84.31,0
22.797,1.97,16,8,0,0,16.5,192.38,4.14,5971,4.06,100,84.31,0
22.852,1.96,16,8,0,0,16.5,192.38,4.14,5971,4.06,100,84.31,0
22.918,1.96,16,8,0,0,16.5,195.3,4.16,5948,3.98,100,84.31,0
22.972,1.95,16,8,0,0,16.5,194.94,4.16,6053,3.98,100,84.31,0
23.037,1.94,16,8,0,0,16.5,194.94,4.16,6053,4.02,100,84.31,0
23.091,1.94,16,8,0,0,16.5,196.4,4.16,6117,4.08,100,84.31,0
23.15,1.94,16,8,0,0,16.5,196.4,4.16,6117,4.08,100,84.31,0
23.219,1.95,16,8,0,0,16.5,199.06,4.18,6132,3.96,100,84.31,0
23.271,1.95,16,8,0,0,16.5,199.06,4.18,6132,3.96,100,84.31,0
23.338,1.95,16,8,0,0,16.5,200.62,4.18,6203,3.89,100,84.31,0
23.396,1.92,16,8,0,0,16.5,200.62,4.18,6203,3.89,21.2,84.31,0
23.467,0.37,16,8,0,0,32,79.77,2.92,6063,-8.78,0,0,0
23.519,0.18,16,0,0,0,32,79.77,2.92,6063,-8.78,0,0,0
23.569,0.18,16,0,0,0,11.5,15.03,2,5782,0.6,0,0,0
23.632,0.18,16,0,0,0,11.5,17.22,2.02,5716,0.6,0,0,0
23.697,0.2,16,0,0,0,11.5,17.22,2.02,5716,3.11,0,0,0
23.751,0.22,16,0,0,0,11.5,20.61,2.14,5522,3.62,0,0,0
23.818,0.23,16,0,0,0,11.5,20.61,2.14,5556,3.62,0,0,0
23.871,0.24,16,0,0,0,11.5,20.78,2.12,5300,4.04,2,0,0
23.93,0.27,16,0,0,0,14,24.42,2.26,5172,4.39,7.1,0,0
23.997,0.34,16,0,0,0,14,31.11,2.4,5154,4.39,7.1,0,0
24.049,0.36,16,0,0,0,22,31.11,2.4,5154,3.81,11.8,0,0
24.107,0.45,16,0,0,0,29.5,36.96,2.54,5165,3.07,16.9,0,0
24.181,0.6,16,0,0,0,34.5,57.97,2.88,5342,0.79,25.1,3.14,0
24.236,0.81,16,0,0,0,34.5,57.97,2.88,5342,5.74,45.1,3.14,0
24.29,1.04,16,4,0,0,33,101.95,3.42,5618,12.84,59.2,6.27,0
24.346,1.24,16,8,0,0,33,101.95,3.42,5585,12.84,80.8,9.41,0
24.41,1.46,16,8,0,0,30.5,140.21,3.74,5905,11.14,84.7,9.41,0
24.473,1.7,16,8,0,0,19,165.61,3.94,5555,14.43,92.9,12.55,0
24.531,1.81,16,8,0,0,19,165.61,3.94,5555,9.48,100,12.55,0
24.589,1.85,16,8,0,0,17,162.97,3.92,5278,8.16,100,15.69,0
24.646,1.88,16,8,0,0,16,153.99,3.84,4873,7.37,100,18.82,0
24.712,1.89,16,8,0,0,14.5,140.51,3.72,4456,6.96,100,21.96,0
24.765,1.81,16,8,0,0,15,123.4,3.62,4432,6.96,100,25.1,0
24.83,1.69,16,8,0,0,15,127.87,3.64,4661,7.1,100,28.24,0
24.887,1.69,16,8,0,0,17.5,127.87,3.64,4650,8.02,100,31.37,0
24.944,1.67,16,8,0,0,16.5,124.8,3.62,4394,8.39,100,31.37,0
25.001,1.62,16,8,0,0,17.5,122.31,3.6,4584,8.66,100,34.51,0
25.069,1.65,16,8,0,0,17.5,126.19,3.62,4573,8.99,100,37.65,0
25.121,1.66,16,8,0,0,17.5,126.75,3.64,4556,8.86,100,40.78,0
25.179,1.66,16,8,0,0,17.5,130.66,3.66,4641,8.86,100,43.92,0
25.247,1.72,16,8,0,0,17.5,130.66,3.66,4648,8.8,100,47.06,0
25.306,1.75,16,8,0,0,16.5,133.45,3.72,4556,8.35,100,50.2,0
25.359,1.78,16,8,0,0,16.5,139.01,3.74,4684,8.02,100,50.2,0
25.417,1.8,16,8,0,0,16.5,140.51,3.74,4624,7.58,100,53.33,0
25.492,1.82,16,8,0,0,16,144.1,3.78,4696,7.1,100,56.47,0
25.544,1.83,16,8,0,0,16,143.5,3.76,4690,6.79,100,59.61,0
25.601,1.85,16,8,0,0,15.5,144.7,3.78,4723,6.79,100,62.75,0
25.655,1.87,16,8,0,0,15.5,144.7,3.78,4732,6.4,100,65.88,0
25.716,1.88,16,8,0,0,15.5,150.48,3.82,4732,6.09,100,65.88,0
25.789,1.91,16,8,0,0,15.5,152.06,3.84,4762,5.76,100,69.02,0
25.842,1.93,16,8,0,0,15.5,155.91,3.88,4768,5.45,100,72.16,0
25.899,1.96,16,8,0,0,14.5,157.19,3.88,4789,5.16,100,75.29,0
25.956,1.97,16,8,0,0,14.5,157.19,3.88,4810,9.8,100,78.43,0
26.014,1.99,16,8,0,0,14.5,161.37,3.92,4842,4.85,100,81.57,0
26.073,2.01,16,8,0,0,14,161.37,3.92,4806,4.56,100,84.31,0
26.13,2.02,16,8,0,0,14,162.01,3.92,4870,4.18,100,84.31,0
26.204,2.04,16,8,0,0,14,163.61,3.94,4854,3.94,100,84.31,0
26.249,2.06,16,8,0,0,14,167.3,3.96,4876,3.64,100,84.31,0
26.316,2.05,16,8,0,0,14,168.33,3.96,4905,3.52,100,84.31,0
26.371,2.07,16,8,0,0,14,170.74,3.98,4960,3.52,100,84.31,0
26.438,2.07,16,8,0,0,14,170.74,3.98,4944,3.36,100,84.31,0
26.494,2.08,16,8,0,0,14,174.87,4,4944,3.31,100,84.31,0
26.547,2.08,16,8,0,0,14,174.18,3.98,5000,3.25,100,84.31,0
26.616,2.09,16,8,0,0,14,175.9,4,5033,3.27,100,84.31,0
26.672,2.09,16,8,0,0,14,174.52,4,5037,3.27,100,84.31,0
26.74,2.09,16,8,0,0,14,175.9,4,5078,3.27,100,84.31,0
26.792,2.09,16,8,0,0,14,175.9,4,5078,3.25,100,84.31,0
26.845,2.08,16,8,0,0,14,175.9,4,5047,3.31,100,84.31,0
26.92,2.08,16,8,0,0,14,177.96,4.04,5074,3.44,100,84.31,0
26.973,2.09,16,8,0,0,14,178.99,4.04,5140,3.58,100,84.31,0
27.03,2.09,16,8,0,0,14,177.62,4.02,5144,3.58,100,84.31,0
27.085,2.07,16,8,0,0,14,177.62,4.02,5137,3.58,100,84.31,0
27.157,2.08,16,8,0,0,14,179.34,4.02,5137,3.69,100,84.31,0
27.21,2.07,16,8,0,0,14,177.62,4.02,5194,3.77,100,84.31,0
27.267,2.07,16,8,0,0,14.5,179.68,4.04,5183,3.85,100,84.31,0
27.322,2.08,16,8,0,0,14.5,181.08,4.04,5194,3.85,100,84.31,0
27.386,2.08,16,8,0,0,14,181.08,4.04,5194,3.77,100,84.31,0
27.444,2.07,16,8,0,0,14.5,180.02,4.04,5234,3.87,100,84.31,0
27.501,2.08,16,8,0,0,14,181.08,4.04,5296,3.87,100,84.31,0
27.566,2.07,16,8,0,0,14,181.08,4.04,5296,3.83,100,84.31,0
27.62,2.07,16,8,0,0,14.5,183.61,4.06,5256,3.85,100,84.31,0
27.698,2.07,16,8,0,0,14.5,183.61,4.06,5338,3.89,100,84.31,0
27.74,2.08,16,8,0,0,14.5,183.61,4.06,5368,3.89,100,84.31,0
27.803,2.06,16,8,0,0,14.5,183.61,4.06,5304,3.85,100,84.31,0
27.861,2.06,16,8,0,0,14.5,185.82,4.08,5353,3.85,100,84.31,0
27.934,2.06,16,8,0,0,14.5,184.72,4.08,5399,3.85,100,84.31,0
27.977,2.06,16,8,0,0,14.5,184.72,4.08,5399,3.89,100,84.31,0
28.039,2.05,16,8,0,0,14.5,186.56,4.08,5454,3.85,100,84.31,0
28.097,2.07,16,8,0,0,14.5,187.29,4.1,5446,3.85,100,84.31,0
28.159,2.08,16,8,0,0,14.5,187.29,4.1,5446,3.87,100,84.31,0
28.217,2.06,16,8,0,0,14.5,188.03,4.1,5458,3.87,100,84.31,0
28.281,2.05,16,8,0,0,14.5,188.03,4.1,5454,3.87,100,84.31,0
28.335,2.05,16,8,0,0,15,187.66,4.1,5454,3.81,100,84.31,0
28.408,2.06,16,8,0,0,15,188.76,4.12,5522,3.89,100,84.31,0
28.46,2.06,16,8,0,0,15,188.76,4.12,5543,3.89,100,84.31,0
28.516,2.06,16,8,0,0,15,191.71,4.12,5543,3.89,100,84.31,0
28.587,2.06,16,8,0,0,15,191.34,4.12,5568,3.93,100,84.31,0
28.652,2.06,16,8,0,0,15,191.34,4.12,5568,3.93,100,84.31,0
28.694,2.06,16,8,0,0,15,190.6,4.12,5560,3.83,100,84.31,0
28.751,2.05,16,8,0,0,15,192.44,4.12,5551,3.79,100,84.31,0
28.817,2.05,16,8,0,0,15,192.44,4.12,5551,3.79,100,84.31,0
28.876,2.05,16,8,0,0,15,190.6,4.12,5601,3.83,100,84.31,0
28.931,2.05,16,8,0,0,15,194.28,4.14,5669,3.83,100,84.31,0
29.002,2.05,16,8,0,0,15,194.28,4.14,5669,3.81,100,84.31,0
29.054,2.05,16,8,0,0,15.5,193.91,4.14,5694,3.77,100,84.31,0
29.113,2.06,16,8,0,0,15.5,193.91,4.14,5694,3.77,100,84.31,0
29.169,2.05,16,8,0,0,15,195.02,4.14,5669,3.6,100,84.31,0
29.244,2.05,16,8,0,0,15.5,194.65,4.14,5686,3.69,100,84.31,0
29.297,2.05,16,8,0,0,15.5,194.65,4.14,5686,3.69,100,84.31,0
29.35,2.04,16,8,0,0,15.5,194.28,4.14,5712,3.52,100,84.31,0
29.408,2.03,16,8,0,0,15.5,194.28,4.14,5710,3.52,100,84.31,0
29.474,2.04,16,8,0,0,15.5,195.75,4.16,5774,3.62,100,84.31,0
29.531,2.03,16,8,0,0,15.5,194.65,4.16,5764,3.54,100,84.31,0
29.587,2.03,16,8,0,0,15.5,194.65,4.16,5764,3.54,100,84.31,0
29.651,2.03,16,8,0,0,15.5,196.49,4.16,5846,3.4,100,84.31,0
29.708,2.03,16,8,0,0,15.5,197.22,4.16,5787,3.4,100,84.31,0
29.773,2.01,16,8,0,0,15.5,197.22,4.16,5787,3.5,100,84.31,0
29.83,2.03,16,8,0,0,15.5,198.7,4.16,5868,3.54,100,84.31,0
29.888,2.03,16,8,0,0,15.5,198.7,4.16,5868,3.54,100,84.31,0
29.952,2.02,16,8,0,0,15.5,199.09,4.16,5901,3.58,100,84.31,0
30.007,2.01,16,8,0,0,15.5,199.09,4.16,5896,3.58,100,84.31,0
30.071,2.02,16,8,0,0,15.5,198.72,4.18,5896,3.64,100,84.31,0
30.124,2.01,16,8,0,0,15.5,198.72,4.14,5928,3.52,100,84.31,0
30.192,1.99,16,8,0,0,15.5,198.72,4.14,5928,3.52,56.1,84.31,0
30.244,1.31,16,8,0,0,16,187.02,4,5891,1.72,7.5,16.86,0
30.302,0.23,16,0,0,0,16,187.02,4,5891,1.72,0,16.86,0
30.366,0.17,16,0,0,0,11.5,12.64,1.86,5708,-1.31,0,0,0
30.424,0.18,16,0,0,0,11.5,12.64,1.86,5754,-1.31,0,0,0
30.488,0.19,16,0,0,0,11.5,18.21,2.06,5882,2.22,0,0,0
30.54,0.2,16,0,0,0,11.5,19.68,2.1,5686,3.13,0,0,0
30.607,0.21,16,0,0,0,11.5,19.68,2.1,5686,3.13,0,0,0
30.661,0.22,16,0,0,0,11.5,20.61,2.12,5494,3.64,0,0,0
30.719,0.23,16,0,0,0,11.5,20.7,2.14,5346,3.64,0,0,0
30.782,0.23,16,0,0,0,11.5,20.7,2.14,5346,4.27,0,0,0
30.84,0.23,16,0,0,0,11.5,20.1,2.1,5140,4.62,0,0,0
30.903,0.24,16,0,0,0,11.5,19.67,2.1,5006,4.62,0,0,0
30.959,0.24,16,0,0,0,11.5,19.76,2.1,4845,5.2,0,0,0
31.022,0.24,16,0,0,0,11.5,19.76,2.1,4845,5.34,0,0,0
31.08,0.25,16,0,0,0,11.5,19.67,2.1,4759,5.55,0,0,0
31.138,0.25,16,0,0,0,11.5,19.51,2.1,4601,5.51,0,0,0
31.194,0.25,16,0,0,0,11.5,18.75,2.08,4548,5.51,0,0,0
31.26,0.25,16,0,0,0,11.5,18.21,2.06,4435,5.55,0,0,0
31.316,0.24,16,0,0,0,11.5,17.01,2.02,4325,5.55,0,0,0
31.384,0.24,16,0,0,0,11.5,17.01,2.02,4346,5.59,0,0,0
31.436,0.24,16,0,0,0,11.5,16.94,2,4218,5.59,0,0,0
31.494,0.24,16,0,0,0,11.5,15.85,1.98,4089,5.61,0,0,0
31.557,0.2,16,0,0,0,11.5,15.24,1.94,4019,5.65,0,0,0
31.619,0.19,16,0,0,0,11.5,11.38,1.86,3892,6.59,0,0,0
31.671,0.22,16,0,0,0,11.5,14.67,1.92,3803,5.86,0,0,0
31.747,0.22,16,0,0,0,11.5,14.2,1.9,3716,5.84,0,0,0
31.789,0.23,16,0,0,0,11.5,13.84,1.88,3626,5.78,0,0,0
31.866,0.23,16,0,0,0,11.5,13.31,1.88,3538,5.78,0,0,0
31.908,0.22,16,0,0,0,11.5,13.02,1.86,3448,5.74,0,0,0
31.973,0.22,16,0,0,0,11.5,12.48,1.84,3394,5.7,0,0,0
32.031,0.22,16,0,0,0,11.5,12.48,1.84,3417,5.7,0,0,0
32.094,0.21,16,0,0,0,11.5,11.34,1.78,3289,5.78,0,0,0
32.152,0.21,16,0,0,0,11.5,11.29,1.78,3231,5.86,0,0,0
32.208,0.21,16,0,0,0,11.5,11.04,1.76,3126,5.9,0,0,0
32.266,0.21,16,0,0,0,11.5,10.49,1.76,3065,6.03,0,0,0
32.332,0.2,16,0,0,0,11.5,9.8,1.7,2957,6.15,0,0,0
32.384,0.2,16,0,0,0,11.5,9.49,1.66,2882,6.28,0,0,0
32.46,0.2,16,0,0,0,11.5,8.87,1.66,2808,6.5,0,0,0
32.502,0.19,16,0,0,0,11.5,8.27,1.64,2729,6.5,0,0,0
32.57,0.19,16,0,0,0,11.5,8.35,1.62,2651,6.9,0,0,0
32.627,0.18,16,0,0,0,11.5,8.35,1.62,2633,7.41,0,0,0
32.684,0.19,16,0,0,0,11.5,7.82,1.6,2582,7.81,0,0,0
32.742,0.18,16,0,0,0,11.5,7.34,1.54,2518,8.12,0,0,0
32.804,0.17,16,0,0,0,11.5,7.03,1.52,2434,8.59,0,0,0
32.861,0.17,16,0,0,0,11.5,6.51,1.5,2343,9.36,0,0,0
32.919,0.16,16,0,0,0,11.5,5.88,1.46,2286,9.42,0,0,0
32.977,0.16,16,0,0,0,11.5,5.62,1.44,2194,9.48,0,0,0
33.05,0.15,16,0,0,0,11.5,5.33,1.44,2132,9.51,0,0,0
33.102,0.15,16,0,0,0,11.5,4.88,1.4,2065,9.57,0,0,0
33.16,0.15,16,0,0,0,11.5,4.79,1.38,1998,9.57,0,0,0
33.231,0.14,16,0,0,0,11.5,4.26,1.34,1896,9.65,0,0,0
33.274,0.14,16,0,0,0,11.5,4.26,1.34,1887,9.71,0,0,0
33.339,0.13,16,0,0,0,11.5,3.71,1.28,1810,9.9,0,0,0
33.397,0.13,16,0,0,0,11.5,3.48,1.26,1746,10.02,0,0,0
33.454,0.13,16,0,0,0,11.5,3.53,1.26,1700,10.15,0,0,0
33.511,0.13,16,0,0,0,11.5,3.71,1.3,1617,10.15,0,0,0
33.584,0.14,16,0,0,0,11.5,3.78,1.28,1542,10.11,0,0,0
33.633,0.14,16,0,0,0,11.5,4.01,1.32,1486,10,0,0,0
33.689,0.15,16,0,0,0,11.5,4.04,1.32,1392,14.81,0,0,0
33.757,0.16,16,0,0,0,20,4.07,1.32,1343,9.86,0,0,0
33.813,0.17,16,0,0,0,20,4.1,1.34,1255,9.77,0,0,0
33.869,0.18,16,0,0,0,20,4.34,1.34,1245,9.65,0,0,0
33.928,0.19,16,0,0,0,20,4.34,1.34,1265,9.42,0,0,0
33.994,0.19,16,0,0,0,19.5,4.12,1.32,1265,9.38,0,0,0
34.049,0.19,16,0,0,0,19.5,3.88,1.3,1262,9.44,0,0,0
34.106,0.19,16,0,0,0,20,3.83,1.3,1252,9.48,0,0,0
34.169,0.19,16,0,0,0,20,3.86,1.3,1222,9.48,0,0,0
34.223,0.19,16,0,0,0,20,3.61,1.28,1212,9.48,0,0,0
34.293,0.18,16,0,0,0,20,3.51,1.26,1195,9.48,0,0,0
34.355,0.18,16,0,0,0,20,3.53,1.28,1153,9.46,0,0,0
34.408,0.18,16,0,0,0,20,3.53,1.26,1132,9.46,0,0,0
34.463,0.18,16,0,0,0,20,3.56,1.28,1108,9.46,0,0,0
34.52,0.19,16,0,0,0,20,3.56,1.28,1151,9.38,0,0,0
34.588,0.19,16,0,0,0,20,3.61,1.28,1064,9.36,0,0,0
34.646,0.2,16,0,0,0,20,3.58,1.28,1064,9.3,0,0,0
34.703,0.2,16,0,0,0,20,3.46,1.26,1028,9.28,0,0,0
34.761,0.2,16,0,0,0,20,3.36,1.24,1010,9.22,0,0,0
34.824,0.2,16,0,0,0,20,3.34,1.26,991,9.18,0,0,0
34.881,0.2,16,0,0,0,20,3.46,1.26,973,9.13,0,0,0
34.939,0.21,16,0,0,0,20,3.46,1.26,955,9.05,0,0,0
34.994,0.21,16,0,0,0,20,3.36,1.26,935,9.05,0,0,0
35.058,0.21,16,0,0,0,20,3.34,1.24,914,8.99,0,0,0
35.115,0.21,16,0,0,0,20,3.34,1.26,899,8.89,0,0,0
35.174,0.21,16,0,0,0,20,3.34,1.26,943,8.86,0,0,0
35.231,0.22,16,0,0,0,20,3.29,1.24,879,8.76,0,0,0
35.298,0.22,16,0,0,0,20,3.29,1.24,866,8.72,0,0,0
35.355,0.22,16,0,0,0,20,3.34,1.24,857,8.66,0,0,0
35.412,0.22,16,0,0,0,20,3.27,1.24,852,8.64,0,0,0
35.47,0.22,16,0,0,0,20,3.09,1.22,845,8.59,0,0,0
35.536,0.22,16,0,0,0,20,3.09,1.24,844,8.59,0,0,0
35.588,0.22,16,0,0,0,20,3.15,1.22,835,8.57,0,0,0
35.655,0.22,16,0,0,0,20,3.04,1.22,825,8.57,0,0,0
35.711,0.22,16,0,0,0,20,2.96,1.22,812,8.55,0,0,0
35.766,0.22,16,0,0,0,20,2.96,1.22,806,8.53,0,0,0
35.832,0.23,16,0,0,0,20,3.15,1.24,796,8.47,0,0,0
35.885,0.23,16,0,0,0,20,3.15,1.22,796,8.47,0,0,0
35.961,0.22,16,0,0,0,20,2.85,1.18,781,8.41,0,0,0
36.003,0.22,16,0,0,0,20,2.77,1.2,774,8.41,0,0,0
36.065,0.22,16,0,0,0,20,2.9,1.22,776,8.35,0,0,0
36.139,0.23,16,0,0,0,20,2.96,1.22,764,8.33,0,0,0
36.181,0.23,16,0,0,0,20,3.03,1.22,764,8.28,0,0,0
36.248,0.23,16,0,0,0,20,2.94,1.2,750,8.28,0,0,0
36.304,0.23,16,0,0,0,20,2.9,1.2,747,8.26,0,0,0
36.359,0.23,16,0,0,0,20,2.85,1.2,744,8.26,0,0,0
36.424,0.23,16,0,0,0,20,2.85,1.2,749,8.22,0,0,0
36.479,0.23,16,0,0,0,20,2.9,1.2,746,8.22,0,0,0
36.55,0.23,16,0,0,0,20,2.87,1.2,746,8.2,0,0,0
36.606,0.23,16,0,0,0,20,2.79,1.18,752,8.18,0,0,0
36.66,0.23,16,0,0,0,20,2.81,1.18,750,8.22,0,0,0
36.722,0.23,16,0,0,0,20,2.65,1.18,744,8.2,0,0,0
36.78,0.22,16,0,0,0,20,2.6,1.18,750,8.24,0,0,0
36.837,0.22,16,0,0,0,20,2.71,1.18,745,8.26,0,0,0
36.9,0.22,16,0,0,0,20,2.67,1.18,739,8.26,0,0,0
36.952,0.22,16,0,0,0,20,2.73,1.18,734,8.3,0,0,0
37.018,0.22,16,0,0,0,20,2.65,1.18,730,8.31,0,0,0
37.071,0.22,16,0,0,0,20,2.65,1.18,727,8.26,0,0,0
37.146,0.22,16,0,0,0,20,2.65,1.16,727,8.3,0,0,0
37.189,0.22,16,0,0,0,20,2.69,1.18,714,8.3,0,0,0
37.253,0.22,16,0,0,0,20,2.67,1.16,704,8.26,0,0,0
37.308,0.22,16,0,0,0,20,2.65,1.18,696,8.24,0,0,0
37.376,0.23,16,0,0,0,20,2.71,1.2,693,8.2,0,0,0
37.429,0.23,16,0,0,0,20,2.83,1.2,698,8.16,0,0,0
37.491,0.23,16,0,0,0,20,2.79,1.2,697,8.16,2.4,0,0
37.56,0.24,16,0,0,0,11,3.56,1.46,690,8.12,6.7,0,0
37.612,0.34,16,0,0,0,11,9.35,1.84,698,8.04,8.2,0,0
37.67,0.43,16,0,0,0,14,9.35,1.84,656,5.67,14.9,3.14,0
37.727,0.68,16,0,0,0,18,13.22,2.1,758,4.66,16.9,4.31,0
37.783,0.75,16,0,0,0,16,20.57,2.08,822,1.9,21.2,4.31,0
37.851,0.79,16,0,0,0,13,17.29,1.96,1029,2.2,21.2,6.27,0
37.908,0.77,16,-2.5,-2.11,0,15,16.36,2.04,1326,2.19,21.6,8.24,0
37.967,0.76,16,-2.5,-2.11,0,21,19.91,2.12,1643,2.59,21.6,10.59,0
38.025,0.75,16,-2.5,-2.11,0,26,23.53,2.22,1876,3.65,21.6,13.73,0
38.083,0.75,16,-2.5,-2.11,0,29.5,26.22,2.28,2114,0.31,21.6,16.86,0
38.14,0.74,16,-2.5,-2.11,0,30,29.06,2.36,2414,5.26,20,20,0
38.207,0.69,16,-2.5,-2.11,0,30,21.84,1.92,2733,6.5,0,0,0
38.264,0.46,16,0,0,0,31,21.84,1.92,2719,0.87,0,0,0
38.318,0.28,16,0,0,0,37.5,8.34,1.54,2940,4.18,0,0,0
38.387,0.19,16,0,0,0,29.5,5.59,1.44,2940,5.47,0,0,0
38.442,0.14,16,0,0,0,25,4.73,1.38,2946,6.63,0,0,0
38.5,0.12,16,0,0,0,22.5,4.79,1.38,2912,7.23,1.2,0,0
38.558,0.12,16,0,0,0,21,5.62,1.48,2854,7.52,4.3,0,0
38.614,0.17,16,0,0,0,7.5,9.76,1.72,2787,7.12,7.5,0,0
38.683,0.23,16,0,0,0,11,14.16,1.94,2721,6.67,8.2,0,0
38.74,0.29,16,0,0,0,15.5,16.31,1.98,2708,6.09,8.2,0,0
38.796,0.34,16,0,0,0,19.5,16.6,2,2668,6.09,8.6,0,0
38.861,0.36,16,0,0,0,19.5,16.82,2,2564,5.61,8.6,0,0
38.917,0.38,16,0,0,0,23.5,16.82,2,2584,5.74,8.6,0,0
38.975,0.39,16,0,0,0,27,16.97,2,2487,5.78,8.6,0,0
39.032,0.4,16,0,0,0,31.5,16.58,2,2423,5.88,8.6,0,0
